{
  "home" : "主页",
  "how_this": "如何运作",
  "faqs": "常见问题",
  "register": "注册",
  "login": "登录",
  "logout": "登出",
  "close": "关闭",
  "earn_money": "成为新经济的一部分.",
  "as_you_can": "成为一名加密货币亿万富翁",
  "Wallets_Compatibles": "兼容的钱包",
  "The_number_one": "创造财富的首选平台.",
  "Absence":"零风险:",
  "no_human":"没有人为因素影响",
  "Etherrum":"以太坊:",
  "highest":"收益最高的加密货币。",
  "smartContract":"智能合约:",
  "nothing_can":"没有什么可以阻止你",
  "Social_Mark":"社媒营销:",
  "Participants":"不限制参与者",
  "wallets":"兼容钱包",
  "the_best_smart":"最佳的智能合约",
  "the_best_smart_desc":"以太坊智能合约这是近几年人类创造的最佳收益系统。 现在每个人都可以使用最安全的分散式投币机",
  "total_participants": "参加人数",
  "new_participants": "24小时内新参与者",
  "income": "美元收入",
  "total_income": "参与者总收入",
  "ON_CRYPTOBILLION": "在加密货币里，您可以通过先进的技术，在开放透明的系统中获得任何想要的收益。",
  "PARTICIPANTS_RESULTS": "参与者结果",
  "balance": "美元余额",
  "gain": "MATRIZ收益 X3",
  "CROWDFUNDING": "以太坊智能合约众筹 ",
  "crow_a": {
    "title": "无风险",
    "desc" : "开源智能合约已上传至以太坊区块链。 市场上最安全，最受欢迎的加密货币之一。"
  },
  "crow_b": {
    "title": "黑客无法入侵的系统",
    "desc" : "无法更改算法或删除参与者。 该系统无需站点即可工作。 该站点仅用于显示统计数据和进度。"
  },
  "crow_c": {
    "title": "No jerárquicamente organizado",
    "desc" : "Un proyecto de matriz descentralizada de financiación colectiva específicamente diseñado para estimular un global reubicación al ecosistema criptográfico al ofrecer los recién llegados una experiencia introductoria perfecta."
  },
  "crow_d": {
    "title": "智能合约既简单又便捷",
    "desc" : "即使是不熟悉这类型项目的人，也能很容易理解。"
  },
  "crow_e": {
    "title": "交易信任",
    "desc" : "以太坊网络的节点记录了区块链上整个加密货币的参与者网络的交易历史并且不可撤销。"
  },
  "crow_f": {
    "title": "即时付款，零诈骗",
    "desc" : "智能合约无法控制资金。 所有交易都是100％人对人的。 各个方面都匿名。"
  },
  "crow_g": {
    "title": "门票包含",
    "desc" : "入场费 - 0.09 ETH ($ XX.XX USD)"
  },
  "crow_h": {
    "title": "不可撤销的条款",
    "desc" : "只要以太坊区块链存在，智能合约就将存在，即使是智能合约的创建者也无法删除或更改其条款"
  },
  "crow_i": {
    "title": "轻松启动",
    "desc" :"-智能用户体验 {{ <br/ > }}-视频教学 {{ <br/ > }}-独特的促销工具 {{ <br/ > }}-100％自动化-收益保证 {{ <br/ > }}-获胜者保证"
    },
  "MARKETING_PLAN": "营销计划- 智能又方便的付款系统",
  "Automatic_downline": "下线的佣金会自动即刻到你的以太坊钱包",
  "By_completing": "完成matriz后，合同将生成一个新matriz，您可以为新的参与者留出空间。",
  "Automatic_commissions": "您的二级下线的佣金将立即支付到您的以太坊钱包。",
  "All_data_is": "所有数据都存储在区块链上，可在etherscan.io上公开访问",
  "only": "单独",
  "During_register": "注册期间，Cryptobillion.io将自动创建两个数组（x3和x6）。",
  "What_is_Criptobillions": "什么是Criptobillions.io？",
  "rights": "加密货币。版权所有",
  "Automatic_login": "自动启动",
  "Login_automatically": "自动启动钱包：",
  "Entern_manually": "手动输入（预览）",
  "Enter_ETH": "直接用户",
  "Enter_the_number": "顶级访客用户",
  "linkcopied": "链接已复制！",
  "walletCopied": "钱包地址已复制",
  "processing": "处理中...",
  "support": "支持",
  "presentation": "介绍",
  "userInM": "矩阵中的用户",
  "continue": "继续",
  "address_not_found":"找不到地址。",
  "wallet_addres_nf": "找不到钱包地址。",
  "transaction_reject": "交易被拒绝",
  "prewiew_only": "只是看看",
  "user_registered": "注册用户。",
  "telegram_chanel": "电报频道",
  "faq_q1": "Crypto Billions은 무엇입니까?",
  "faq_a1": "Crypto billions는 두 가지 개념으로 나눌 수 있습니다. 첫 번째 : 암호화 계약 네트워크 이더 리움에서 실행되는 스마트 계약 또는 응용 프로그램입니다. 응용 프로그램 코드는 특정 전송 알고리즘에 따라 수신 전송 전송 참가자를 배포하도록 프로그래밍되어 있습니다. 스마트 컨트랙트 작업의 편의를위한 인터페이스를 제공하는 사이트 자체",
  "faq_q2": "프로젝트 관리자는 누구입니까?",
  "faq_a2": "Crypto billions에는 관리자가 없습니다. 계약 코드를 cryptocurrency 블록 체인 Ethereum에 업로드 한 생성자가 있습니다. 그 이후로 스마트 계약은 전체 네트워크의 일부이며 광부에서 지원합니다. 스마트 계약의 운영에 영향을 미치거나 삭제하거나 중지 할 권리가 있습니다. 블록 체인의 이전 사본과 일치하지 않아 무단으로 변경하려는 시도는 거부됩니다",
  "faq_q3": "거래가 현명한 계약의 균형을 유지할 수 있습니까?",
  "faq_a3": "거부 됨. 계약은 자금을 축적하지 않고 송신기로만 사용되도록 프로그래밍되었습니다. 계약의 잔액은 항상 0이며 누구나 확인할 수 있습니다. 단순히 자금을 조달하는 기능이 없습니다. 모든 거래는 원하는 목표 안전하고 건전한 수준에 도달 할 것입니다.",
  "faq_q4": "프로젝트와 함께 사용할 수있는 통화는 무엇입니까?",
  "faq_a4": "스마트 계약은 이더 리움의 소프트웨어 환경에 게시되므로이 디지털 통화를 통해서만 프로젝트에 참여할 수 있습니다.",
  "faq_q5": "프로젝트에 참여하려면 무엇이 필요합니까?",
  "faq_a5": "이더 리움 지갑이있는 컴퓨터 나 스마트 폰이면 충분합니다",
  "faq_q6": "프로젝트가 무너지면 돈을 잃을까요?",
  "faq_a6": "거부 됨. 스마트 계약은 완전히 투명하며 모든 데이터는 블록 체인 체인에 기록됩니다. 사기 나 사기는 없습니다. 프로젝트는 실패 할 수 없습니다. 사이트가 닫혀 있어도 블록 체인이 존재하는 한 작동합니다",
  "faq_q7": "지갑이 차단되지 않도록하려면 어떻게해야합니까?",
  "faq_a7": "암호화 산업에는 지갑 차단과 같은 것이 없습니다. 이것은 암호 화폐를 만든 사람조차도 불가능하고 기술적으로 불가능합니다 (기술의 특징입니다). 당신.",
  "faq_q8": "프로젝트에 등록하는 방법?",
  "faq_a8": "등록하려면 먼저 결제를해야합니다. 이렇게하려면 기본 페이지에서 \"등록 \" 으로 이동하여 지시 사항을 따르십시오. 결제가 성공적으로 완료되면 전체 구조로 간주됩니다 참가자.",
  "faq_q9": "어떤 지갑을 사용하는 것이 더 좋습니까?",
  "faq_a9": "적합한 지갑이 많이 있습니다. 가장 중요한 것은 교환 지갑을 사용하지 않는 것입니다! 2 가지 유형의 지갑을 사용하는 것이 좋습니다. 메타 마스크-개인용 컴퓨터에서 작업하는 경우. (공식 웹 사이트에서 다운로드) : https://metamask.io/) TrustWallet-스마트 폰을 사용하는 경우 (iPhone 또는 Android 용 다운로드)",
  "faq_q10":"수동적으로 소득을 얻을 수 있습니까?",
  "faq_a10":"개인 초대 외에도 파트너는 \"오버플로 \"및 \"선물 \"의 두 가지 방식으로 구조에 나타날 수 있습니다. 따라서 시스템에 수동 수입이있을 수 있다고 주장 할 수 있습니다. 그러나 이것이 귀하에게 활동적인 다른 성공적인 참가자들이 자랑 할 수있는 빠른 수입을 보장하지는 않습니다",
  "faq_q11":"오버플로 란 무엇입니까?",
  "faq_a11":"오버플로는 참가자가 첫 번째 레벨이 참가자로 채워지는 업 라인 또는 다운 라인에 등록 할 때 발생하는 프로세스입니다. 다음 새 멤버는 가장 가까운 무료로이 업 라인의 구조에 속합니다. 장소.",
  "faq_q12":"참가자 링크없이 사이트를 방문한 경우 등록 할 수 있습니까?",
  "faq_a12":"예, 이러한 회원은 \"무료 참가자 \"라고합니다. 이들은 제휴사 링크없이 어떤 이유로 든 온 참가자입니다. 무료 참가자는 해당 업 라인에서 시작하여 왼쪽에서 오른쪽으로 시스템 전체에 골고루 분배됩니다. 이전에 등록 된 것입니다.",
  "faq_q13":"내 지갑에서 ETH를 얻는 방법?",
  "faq_a13":"교환기가 많이 있습니다. 웹 사이트 bestchange에서 신뢰할 수 있고 검증 된 교환기를 찾을 수 있습니다. Ru. 처음 교환하는 경우 다음 지침을 따르십시오. 1) 사이트 bestchange로 이동합니다. Ru. 2) 원하는 통화 이더 리움으로 교환 할 적절한 지불 시스템을 선택하십시오 .3) 최상의 요금으로 올바른 서비스를 선택하십시오 .4) 선택한 교환기의 사이트로 이동하여 간단한 지침을 따르십시오. 5) 지갑 이더 리움 자금이 수령되었는지 확인하십시오 참고 : 은행 카드로 보충 할 때 교환기는 처음으로 카드 확인을 요청할 수 있습니다. 이것은 일반적으로 교환 페이지의 배경에있는 사진 카드입니다. 후속 보충은 즉시 이루어집니다 교환기에서 카드를 확인하지 않으려면 먼저 은행 카드에서 QIWI 또는 YandexMoney 계정을 충전하십시오 (이 두 지불 시스템 중 하나의 인터페이스를 통해). ) (카드 교환없이 카드 결제없이 교환기를 통한 결제 시스템에서 이더 리움 지갑으로 변경)",
  "faq_q14":"파트너가 내 레벨을 구매하면 어떻게됩니까?",
  "faq_a14":"돈은 파트너와 같은 라인의 업 라인으로 재전송됩니다. 정시에 레벨을 구매하면 이런 일이 발생하지 않습니다. 이런 일이 발생하면 무섭지 않습니다. 시간이 지나면 발견됩니다. 레벨을 활성화하면이 레벨에 대한 나머지 송금을 계속받습니다.",
  "faq_q15":"레벨을 확장하지 않고 비활성화하면 어떻게됩니까?",
  "faq_a15":"계정은 시스템에 영구적으로 남아 있으며 언제든지 레벨을 확장하고 계속해서 수입을받을 수 있습니다",
  "compatible": "兼容"
}
