{
  "home" : "ГЛАВНОЕ МЕНЮ",
  "how_this": "КАК ЭТО РАБОТАЕТ",
  "faqs": "ЧАСТО ЗАДАВАЕМЫЕ ВОПРОСЫ",
  "register": "ЗАРЕГИСТРИРОВАТЬ",
  "login": "НАЧАТЬ СЕССИЮ",
  "logout": "выйти",
  "close": "закрыто",
  "earn_money": "Станьте частью новой экономики.",
  "as_you_can": "Будьте криптовалютным миллиардером.",
  "Wallets_Compatibles": "Совместимые кошельки",
  "The_number_one": "Платформа номер один для создания богатства.",
  "Absence":"Отсутствие риска:",
  "no_human":"исключение человеческого фактора",
  "Etherrum":"Ethereum:",
  "highest":"самая прибыльная криптовалюта",
  "smartContract":"Смарт-контракт:",
  "nothing_can":"Вас ничто не остановит",
  "Social_Mark":" Социальный маркетинг:",
  "Participants":"переполнение участников",
  "wallets":" Совместимые кошельки",
  "the_best_smart":"Лучшие смарт-контракты",
  "the_best_smart_desc":"Ethereum смарт-контракт. Это лучшая система прибыли, созданная человечеством за последние годы. Самая безопасная децентрализованная денежная машина теперь доступна каждому",
  "total_participants": "ВСЕГО УЧАСТНИКОВ",
  "new_participants": "НОВЫЕ УЧАСТНИКИ 24Ч  В СУТКИ",
  "income": "ДОХОД USD",
  "total_income": " ОБЩИЙ ДОХОД УЧАСТНИКОВ",
  "ON_CRYPTOBILLION": "В CRYPTOBILLIONS ВЫ МОЖЕТЕ ЗАРАБОТАТЬ ВСЕ, ЧТО ХОТИТЕ В ОТКРЫТОЙ И ПРОЗРАЧНОЙ ФОРМЕ, ПРИ ПОМОЩИ НОВЫХ ТЕХНОЛОГИЙ.",
  "PARTICIPANTS_RESULTS": "РЕЗУЛЬТАТЫ УЧАСТНИКОВ",
  "balance": "СБАЛАНСИРОВАННЫЙ",
  "gain": "ДОХОДЫ",
  "CROWDFUNDING": "КРАУДФАНДИНГ ETHEREUM СМАРТ КОНТРАКТ ",
  "crow_a": {
    "title": "Отсутствие риска",
    "desc" : "Смарт-контракт с открытым исходным кодом загружен в Блокчейн Ethereum. Одна из самых безопасных и популярных криптовалют на рынке."
  },
  "crow_b": {
    "title": "Полность исключена возможность взлома системы.",
    "desc" : "Hевозможно изменить алгоритм или удалить комнаты участников. Система способна работать вне сайта. Сайт необходим только для отображения статистики и прогресса"
  },
  "crow_c": {
    "title": "Не организован иерархически",
    "desc" : "Смарт-контракты - это легко и просто. Они понятны даже тем, кто незнаком с подобными проектами."
  },
  "crow_d": {
    "title": "LТранзакционное доверие",
    "desc" : "Легко понять даже для тех, кто не сталкивался с подобными проектами."
  },
  "crow_e": {
    "title": "Транзакционное поручительство",
    "desc" : "Узлы сети Ethereum навсегда регистрируют в блокчейне историю транзакций всех участников CryptoBillion"
  },
  "crow_f": {
    "title": "Инклюзивный вход",
    "desc" : "Мгновенные выплаты. Обман невозможен. Смарт-контракт не контролирует деньги. Все транзакции совершаются  исключительно между непосредственными участниками, с полным обеспечением их анонимности."
  },
  "crow_g": {
    "title": "тоимость входа.",
    "desc" : "Нерасторжимость условий. - 0.09 ETH ($ XX.XX USD)"
  },
  "crow_h": {
    "title": "Неопределенный срок",
    "desc" : "Смарт-контракт будет существовать, пока существует блокчейн Ethereum, и даже создатели смарт-контракта не смогут удалить или изменить его условия.."
  },
  "crow_i": {
    "title": "Легкий старт",
    "desc" :"- Умный пользовательский опыт {{ <br/ > }}- Учебные видео {{ <br/ > }}- Уникальные инструменты для рекламы {{ <br/ > }}- 100% автоматизация {{ <br/ > }}- Гарантия прибыли"
    },
  "MARKETING_PLAN": "ПЛАН МАРКЕТИНГА: УМНАЯ  И ПРОСТАЯ ПЛАТЕЖНАЯ СИСТЕМА",
  "Automatic_downline": "Автоматические бонусы от нижестоящих участников выплачиваются мгновенно на ваш кошелек  ETH.",
  "By_completing": "После заполнения Вашей матрицы контракт создаст новую матрицу, которая позволит вам иметь места для новых участников. Автоматические комиссии от участников второго уровня мгновенно переводятся на ваш кошелек ETH",
  "Automatic_commissions": "Автоматические бонусы от нижестоящих участников выплачиваются мгновенно на ваш кошелек  ETH.",
  "All_data_is": " Все данные хранятся в блокчейне и общедоступны на etherscan.io.",
  "only": "в одиночестве",
  "During_register": "В процессе регистрации Cryptobillion.io автоматически создаст оба массива (x3 и x6)",
  "What_is_Criptobillions": "¿ Что такое Criptobillions.io??",
  "rights": "КРИПТОБИЛЛИОНЫ. Все права защищены.",
  "Automatic_login": "Войти с кошельком автоматически:",
  "Login_automatically": "Войти с кошельком",
  "Entern_manually": "Введите вручную",
  "Enter_ETH": "Системный идентификатор",
  "Enter_the_number": "Введите номер вашего реферала",
  "linkcopied": "¡Скопированная ссылка!",
  "walletCopied": "¡Адрес кошелька скопирован!",
  "processing": "обработка...",
  "support": "служба поддержки",
  "presentation": "Презентация",
  "userInM": "Пользователь в матрице",
  "continue": "Продолжать",
  "address_not_found":"Адрес не найден.",
  "wallet_addres_nf": "Адрес кошелька не найден.",
  "transaction_reject": "Транзакция отклонена",
  "prewiew_only": "Просто чтобы увидеть",
  "user_registered": "Зарегистрированный пользователь..",
  "telegram_chanel": "Telegram канал",
  "faq_q1": "Что такое Criptobillions.io?",
  "faq_a1": "Cryptobillions.io можно разделить на 2 концепции: во-первых: это умный контракт или приложение, работающее в криптовалютной сети Ethereum. Код приложения запрограммирован для распределения входящих переводов между участниками в соответствии с определенным алгоритмом. Второе: это Сам сайт, предоставляющий интерфейс для удобства работы с умным контрактом.",
  "faq_q2": "Кто является администратором проекта?",
  "faq_a2": "Cryptobillions.io нет администратора. Есть создатель, который загрузил код контракта в блокчейн криптовалюты Ethereum. С тех пор умный контракт стал частью общей сети, которую поддерживают майнеры. Нет каждый имеет право повлиять на действие смарт-контракта, удалить его или остановить его. Любая попытка внесения несанкционированных изменений будет отклонена из-за несоответствия с предыдущими копиями в блокчейне.",
  "faq_q3": "Может ли транзакция оставаться на балансе смарт-контракта?",
  "faq_a3": "Исключен. Контракт был запрограммирован так, чтобы не накапливать средства, а служить только в качестве передатчика. Баланс контракта всегда равен нулю, любой может это проверить. Ему просто не хватает функции приема средств для Ваш баланс. Любая сделка достигнет желаемой цели в целости и сохранности.",
  "faq_q4": "Какой валютой пользуется проект?",
  "faq_a4": "Поскольку смарт-контракт публикуется в программной среде Ethereum, то, соответственно, участие в проекте возможно только с этой цифровой валютой.",
  "faq_q5": "Что нужно для участия в проекте?",
  "faq_a5": "Достаточно иметь компьютер или смартфон с кошельком Ethereum",
  "faq_q6": "А если проект рухнет, я потеряю деньги?",
  "faq_a6": "Исключено. Интеллектуальный контракт абсолютно прозрачен, все данные записаны в цепочке блокчейнов. Никаких мошенничеств или мошенничества. Проект не может быть неудачным. Он будет работать до тех пор, пока существует блокчейн, даже если сайт закрыт .",
  "faq_q7": "Как я могу быть уверен, что мой кошелек не будет заблокирован?",
  "faq_a7": "В индустрии криптовалют нет такой вещи, как блокировка кошелька. Это невозможно и технически невозможно даже создателю криптовалюты (это особенность технологии). Созданный вами кошелек ETH принадлежит только вы.",
  "faq_q8": "Как зарегистрироваться в проекте?",
  "faq_a8": "Чтобы зарегистрироваться, вы должны сначала выполнить платеж. Для этого перейдите с главной страницы на \" Зарегистрироваться \"и следуйте инструкциям. После успешной оплаты вы занимаетесь местом в структуре и будете считаться полным участник",
  "faq_q9": "Какой кошелек лучше использовать?",
  "faq_a9": "Существует много подходящих кошельков. Самое главное не использовать обменные кошельки! Мы рекомендуем использовать 2 типа кошельков, это: Metamask - если вы работаете с персонального компьютера. (Загрузить с официального сайта : https://metamask.io/) TrustWallet - если вы используете смартфон. (Загрузить для iPhone или Android):",
  "faq_q10":"Можно ли здесь пассивно зарабатывать?",
  "faq_a10":"Помимо личных приглашений партнеры могут появляться в вашей структуре двумя способами: это \" Переполнения \"и \" Подарки \". Поэтому можно утверждать, что в системе есть возможность пассивного заработка. Но это не гарантирует вам быстрый достойный доход, которым могут похвастаться другие успешные участники, которые активны.",
  "faq_q11":"Что такое переполнения?",
  "faq_a11":"Переполнение - это процесс, который происходит, когда участник регистрируется в восходящем или нисходящем направлении, в котором первый уровень заполняется участниками. Следующий новый член попадает в структуру этого верхнего уровня ниже или ниже в ближайшем свободном место.",
  "faq_q12":"Могу ли я зарегистрироваться, если зашел на сайт без ссылки участника?",
  "faq_a12":"Да, такие участники называются \"бесплатными участниками.\" Это участники, которые пришли по любой причине БЕЗ партнерской ссылки. Бесплатные участники распределяются равномерно по всей Системе (слева направо), начиная с этих вышестоящих элементов. которые были ранее зарегистрированы.",
  "faq_q13":"Как получить ETH в моем кошельке?",
  "faq_a13":"Существует множество обменников. Надежные и проверенные обменники можно найти на веб-сайте bestchange. Ru. Если вы впервые совершаете обмен, следуйте этим инструкциям: 1) Перейдите на сайт bestchange. Ru. 2) Выберите подходящую платежную систему, с помощью которой вы хотите произвести обмен на нужную валюту Ethereum. 3) Выберите подходящий сервис с лучшим курсом. 4) Перейдите на сайт выбранного обменника и следуйте простым инструкциям. Обмен обычно происходит автоматически и происходит очень быстро. 5) Убедитесь, что на ваш кошелек поступили средства Ethereum. Примечание: при пополнении банковскими картами обменники могут впервые запросить подтверждение карты. Как правило, это фотокарточка на фоне страницы обмена Последующее пополнение происходит мгновенно. Если вы не хотите проверять свою карту в обменнике, вы можете сначала пополнить свой счет QIWI или YandexMoney со своей банковской карты (через интерфейс любой из этих двух платежных систем). , а не через обменник), а затем перейти с такой платежной системы через обменник на кошелек Ethereum без проверки карты.",
  "faq_q14":"Что произойдет, если мой партнер купит уровень раньше меня?",
  "faq_a14":"Деньги будут перенаправлены на ваш верхний уровень той же линии, что и ваш партнер. Если вы покупаете уровни вовремя, этого не произойдет. Если это произошло, это не страшно. Если вы найдете это вовремя, то после активируя уровень, продолжайте получать оставшиеся переводы для этого уровня.",
  "faq_q15":"Что произойдет, если вы не продлите уровень и он будет деактивирован?",
  "faq_a15":"Ваша учетная запись остается в Системе навсегда, и в любой момент вы можете продлить уровни и продолжать получать доход.",
  "conpatible": "совместим с"
}
